{"stats":{"minecraft:killed":{"minecraft:cave_spider":13,"minecraft:zombie_pigman":2,"minecraft:spider":12,"minecraft:horse":1,"minecraft:skeleton":29,"minecraft:chicken":6,"minecraft:magma_cube":1,"minecraft:wolf":1,"minecraft:pig":18,"minecraft:creeper":4,"minecraft:sheep":18,"minecraft:zombie":42,"minecraft:ghast":1,"minecraft:cow":10},"minecraft:mined":{"minecraft:diamond_ore":1,"minecraft:white_bed":1,"minecraft:mossy_cobblestone":2,"minecraft:granite":30,"minecraft:grass_block":26,"minecraft:blue_concrete":1,"minecraft:redstone_ore":17,"minecraft:furnace":3,"minecraft:iron_ore":138,"minecraft:andesite":2,"minecraft:pumpkin":1,"minecraft:rail":18,"minecraft:oak_stairs":1,"minecraft:stone":293,"minecraft:clay":88,"minecraft:crafting_table":8,"minecraft:poppy":1,"minecraft:chest":2,"minecraft:glass":4,"minecraft:nether_quartz_ore":320,"minecraft:cobblestone":20,"minecraft:lapis_ore":1,"minecraft:sugar_cane":1,"minecraft:oak_planks":20,"minecraft:bricks":4,"minecraft:diorite":5,"minecraft:seagrass":1,"minecraft:powered_rail":5,"minecraft:birch_log":16,"minecraft:redstone_torch":3,"minecraft:birch_leaves":1,"minecraft:grass":47,"minecraft:oak_log":20,"minecraft:coal_ore":136,"minecraft:gravel":7,"minecraft:sand":152,"minecraft:dirt":16,"minecraft:cobweb":30,"minecraft:netherrack":52,"minecraft:gold_ore":26,"minecraft:oak_leaves":4},"minecraft:crafted":{"minecraft:brick":129,"minecraft:wooden_sword":6,"minecraft:oak_planks":48,"minecraft:stone_shovel":3,"minecraft:cooked_chicken":2,"minecraft:furnace":4,"minecraft:cooked_mutton":6,"minecraft:quartz_block":58,"minecraft:bow":2,"minecraft:iron_boots":1,"minecraft:stone_pickaxe":1,"minecraft:chest":1,"minecraft:rail":32,"minecraft:bricks":43,"minecraft:minecart":1,"minecraft:cooked_beef":4,"minecraft:cooked_cod":1,"minecraft:diamond_sword":1,"minecraft:cooked_porkchop":16,"minecraft:crafting_table":7,"minecraft:baked_potato":66,"minecraft:wooden_pickaxe":2,"minecraft:powered_rail":36,"minecraft:iron_helmet":2,"minecraft:iron_sword":4,"minecraft:birch_pressure_plate":8,"minecraft:birch_planks":68,"minecraft:stone_axe":3,"minecraft:air":0,"minecraft:tnt":8,"minecraft:diamond_pickaxe":1,"minecraft:iron_chestplate":2,"minecraft:stick":96,"minecraft:iron_ingot":53,"minecraft:iron_pickaxe":2,"minecraft:wooden_axe":2,"minecraft:stone_sword":2,"minecraft:iron_leggings":2,"minecraft:gold_ingot":21,"minecraft:white_bed":3,"minecraft:redstone_torch":25,"minecraft:torch":12},"minecraft:used":{"minecraft:stone_sword":291,"minecraft:stone_shovel":260,"minecraft:chest":3,"minecraft:iron_sword":901,"minecraft:rotten_flesh":9,"minecraft:netherrack":16,"minecraft:oak_door":1,"minecraft:torch":12,"minecraft:dirt":10,"minecraft:carrot":2,"minecraft:granite":12,"minecraft:snowball":50,"minecraft:wooden_axe":14,"minecraft:bricks":34,"minecraft:oak_stairs":2,"minecraft:bow":23,"minecraft:furnace":6,"minecraft:minecart":4,"minecraft:cooked_beef":15,"minecraft:cooked_mutton":6,"minecraft:diorite":3,"minecraft:powered_rail":28,"minecraft:stone_pickaxe":292,"minecraft:baked_potato":18,"minecraft:wooden_pickaxe":5,"minecraft:mossy_cobblestone":2,"minecraft:sand":17,"minecraft:rail":47,"minecraft:crafting_table":9,"minecraft:white_bed":3,"minecraft:cod":1,"minecraft:redstone_torch":18,"minecraft:diamond_pickaxe":136,"minecraft:apple":1,"minecraft:string":1,"minecraft:bread":11,"minecraft:iron_pickaxe":666,"minecraft:stone_axe":128,"minecraft:wooden_sword":120,"minecraft:cobblestone":277,"minecraft:white_banner":1,"minecraft:cooked_porkchop":25,"minecraft:andesite":7,"minecraft:lapis_block":1},"minecraft:broken":{"minecraft:stone_sword":2,"minecraft:stone_pickaxe":2,"minecraft:wooden_sword":1,"minecraft:stone_axe":1,"minecraft:iron_sword":3,"minecraft:iron_pickaxe":1},"minecraft:killed_by":{"minecraft:player":2,"minecraft:zombie_pigman":1,"minecraft:creeper":1,"minecraft:drowned":1,"minecraft:skeleton":1},"minecraft:dropped":{"minecraft:oak_fence":4,"minecraft:cobblestone":1,"minecraft:diorite":29,"minecraft:cooked_cod":1,"minecraft:iron_axe":1,"minecraft:iron_pickaxe":1,"minecraft:stone_axe":1,"minecraft:stone_sword":1,"minecraft:gunpowder":1},"minecraft:custom":{"minecraft:mob_kills":166,"minecraft:interact_with_crafting_table":61,"minecraft:leave_game":2,"minecraft:time_since_death":3806,"minecraft:climb_one_cm":46615,"minecraft:sprint_one_cm":905332,"minecraft:walk_one_cm":1216766,"minecraft:drop":9,"minecraft:deaths":11,"minecraft:sneak_time":604,"minecraft:walk_under_water_one_cm":12003,"minecraft:jump":3748,"minecraft:walk_on_water_one_cm":70659,"minecraft:interact_with_furnace":142,"minecraft:play_one_minute":262950,"minecraft:sleep_in_bed":6,"minecraft:time_since_rest":3898,"minecraft:damage_taken":8126,"minecraft:damage_dealt":26631,"minecraft:minecart_one_cm":26406,"minecraft:player_kills":3,"minecraft:swim_one_cm":1971,"minecraft:fly_one_cm":355259,"minecraft:open_chest":204,"minecraft:crouch_one_cm":1608,"minecraft:fall_one_cm":87362},"minecraft:picked_up":{"minecraft:wooden_axe":1,"minecraft:crafting_table":11,"minecraft:iron_chestplate":4,"minecraft:wheat":2,"minecraft:ladder":1,"minecraft:chicken":9,"minecraft:clay_ball":400,"minecraft:oak_stairs":4,"minecraft:golden_sword":4,"minecraft:lapis_block":3,"minecraft:string":90,"minecraft:iron_axe":2,"minecraft:iron_leggings":3,"minecraft:iron_shovel":1,"minecraft:gold_nugget":6,"minecraft:beef":16,"minecraft:rose_bush":1,"minecraft:redstone_torch":23,"minecraft:poppy":2,"minecraft:iron_pickaxe":5,"minecraft:minecart":2,"minecraft:enchanted_golden_apple":5,"minecraft:chest":4,"minecraft:birch_sapling":3,"minecraft:furnace":2,"minecraft:iron_boots":4,"minecraft:egg":16,"minecraft:stone":1,"minecraft:oak_door":1,"minecraft:oak_fence":6,"minecraft:torch":1,"minecraft:porkchop":36,"minecraft:diorite":80,"minecraft:carrot":7,"minecraft:redstone":214,"minecraft:tnt":16,"minecraft:quartz_block":58,"minecraft:stone_sword":1,"minecraft:arrow":51,"minecraft:rotten_flesh":57,"minecraft:stone_shovel":6,"minecraft:mutton":26,"minecraft:rail":81,"minecraft:snowball":50,"minecraft:white_wool":16,"minecraft:cobblestone":513,"minecraft:birch_log":17,"minecraft:feather":5,"minecraft:cooked_beef":4,"minecraft:andesite":7,"minecraft:brown_wool":2,"minecraft:leather":9,"minecraft:birch_planks":56,"minecraft:oak_log":22,"minecraft:gunpowder":7,"minecraft:lapis_lazuli":28,"minecraft:dirt":68,"minecraft:white_banner":1,"minecraft:cooked_mutton":2,"minecraft:bone":40,"minecraft:apple":3,"minecraft:bow":2,"minecraft:wheat_seeds":13,"minecraft:iron_ingot":26,"minecraft:stone_pickaxe":4,"minecraft:iron_ore":191,"minecraft:powered_rail":42,"minecraft:iron_sword":6,"minecraft:oak_planks":33,"minecraft:book":1,"minecraft:cooked_porkchop":2,"minecraft:pumpkin":2,"minecraft:quartz":543,"minecraft:gravel":1,"minecraft:sand":151,"minecraft:ink_sac":4,"minecraft:white_bed":3,"minecraft:spruce_log":3,"minecraft:gold_ore":34,"minecraft:spider_eye":4,"minecraft:mossy_cobblestone":2,"minecraft:diamond":7,"minecraft:stone_axe":4,"minecraft:lever":3,"minecraft:iron_helmet":6,"minecraft:granite":34,"minecraft:bread":4,"minecraft:baked_potato":22,"minecraft:oak_sapling":22,"minecraft:netherrack":129,"minecraft:black_wool":1,"minecraft:bricks":17,"minecraft:coal":188,"minecraft:diamond_pickaxe":2}},"DataVersion":1631}