{"stats":{"minecraft:killed":{"minecraft:cave_spider":4,"minecraft:skeleton":2,"minecraft:zombie":3},"minecraft:mined":{"minecraft:diamond_ore":1,"minecraft:torch":2,"minecraft:granite":8,"minecraft:grass_block":1,"minecraft:nether_quartz_ore":30,"minecraft:cobblestone":13,"minecraft:diorite":41,"minecraft:wall_torch":8,"minecraft:redstone_ore":2,"minecraft:carrots":53,"minecraft:iron_ore":11,"minecraft:wheat":2,"minecraft:andesite":8,"minecraft:white_wall_banner":1,"minecraft:grass":1,"minecraft:potatoes":69,"minecraft:coal_ore":41,"minecraft:beetroots":4,"minecraft:gravel":14,"minecraft:dirt":8,"minecraft:cobweb":1,"minecraft:stone":319,"minecraft:netherrack":6,"minecraft:gold_ore":11},"minecraft:crafted":{"minecraft:baked_potato":72,"minecraft:iron_sword":1,"minecraft:air":0,"minecraft:glass":9,"minecraft:bow":1,"minecraft:iron_chestplate":1,"minecraft:iron_axe":1,"minecraft:stick":12,"minecraft:iron_ingot":149,"minecraft:iron_pickaxe":3,"minecraft:gold_ingot":5,"minecraft:iron_leggings":1,"minecraft:torch":20},"minecraft:used":{"minecraft:wheat_seeds":2,"minecraft:diorite":15,"minecraft:flint_and_steel":1,"minecraft:baked_potato":41,"minecraft:iron_sword":123,"minecraft:torch":33,"minecraft:carrot":85,"minecraft:granite":1,"minecraft:iron_axe":7,"minecraft:iron_pickaxe":511,"minecraft:bow":6,"minecraft:cobblestone":180,"minecraft:white_banner":1,"minecraft:beetroot_seeds":1,"minecraft:potato":60},"minecraft:broken":{"minecraft:iron_pickaxe":1},"minecraft:killed_by":{"minecraft:player":2},"minecraft:dropped":{"minecraft:bread":4,"minecraft:iron_sword":1,"minecraft:lapis_lazuli":5,"minecraft:baked_potato":9,"minecraft:iron_helmet":1,"minecraft:cobblestone":1,"minecraft:iron_boots":2,"minecraft:blue_concrete":1,"minecraft:enchanted_golden_apple":2,"minecraft:name_tag":3,"minecraft:carrot":36,"minecraft:diamond_sword":1,"minecraft:gunpowder":1,"minecraft:diorite":9,"minecraft:diamond_pickaxe":2,"minecraft:iron_chestplate":3,"minecraft:beetroot_seeds":5,"minecraft:golden_sword":1,"minecraft:iron_leggings":3,"minecraft:arrow":7,"minecraft:bow":1,"minecraft:netherrack":33},"minecraft:custom":{"minecraft:interact_with_furnace":54,"minecraft:mob_kills":9,"minecraft:interact_with_crafting_table":22,"minecraft:play_one_minute":150797,"minecraft:leave_game":1,"minecraft:time_since_death":51772,"minecraft:sleep_in_bed":2,"minecraft:climb_one_cm":74826,"minecraft:time_since_rest":51849,"minecraft:sprint_one_cm":440990,"minecraft:damage_taken":2638,"minecraft:walk_one_cm":547729,"minecraft:drop":31,"minecraft:damage_dealt":2125,"minecraft:player_kills":1,"minecraft:fly_one_cm":87102,"minecraft:open_chest":131,"minecraft:crouch_one_cm":15852,"minecraft:deaths":2,"minecraft:sneak_time":5177,"minecraft:jump":1301,"minecraft:walk_on_water_one_cm":3420,"minecraft:fall_one_cm":29542},"minecraft:picked_up":{"minecraft:iron_chestplate":6,"minecraft:cooked_beef":4,"minecraft:andesite":7,"minecraft:diamond_sword":1,"minecraft:potato":177,"minecraft:birch_planks":17,"minecraft:golden_sword":1,"minecraft:blue_concrete":1,"minecraft:gunpowder":3,"minecraft:wooden_hoe":2,"minecraft:lapis_lazuli":5,"minecraft:string":52,"minecraft:dirt":35,"minecraft:white_banner":1,"minecraft:iron_axe":3,"minecraft:flint_and_steel":1,"minecraft:name_tag":6,"minecraft:iron_leggings":5,"minecraft:bone":2,"minecraft:iron_shovel":3,"minecraft:beetroot":6,"minecraft:bow":1,"minecraft:wheat_seeds":4,"minecraft:gold_nugget":1,"minecraft:detector_rail":1,"minecraft:iron_ingot":82,"minecraft:iron_ore":31,"minecraft:iron_pickaxe":2,"minecraft:minecart":1,"minecraft:enchanted_golden_apple":2,"minecraft:powered_rail":1,"minecraft:chest":1,"minecraft:iron_sword":3,"minecraft:oak_planks":3,"minecraft:iron_boots":5,"minecraft:egg":3,"minecraft:oak_fence":3,"minecraft:quartz":32,"minecraft:torch":77,"minecraft:gravel":14,"minecraft:poisonous_potato":1,"minecraft:sand":4,"minecraft:stone_button":1,"minecraft:diorite":40,"minecraft:carrot":158,"minecraft:redstone":16,"minecraft:gold_ore":17,"minecraft:spider_eye":4,"minecraft:arrow":9,"minecraft:rotten_flesh":14,"minecraft:diamond":2,"minecraft:beetroot_seeds":9,"minecraft:iron_helmet":4,"minecraft:granite":8,"minecraft:gold_ingot":1,"minecraft:bread":8,"minecraft:baked_potato":15,"minecraft:netherrack":33,"minecraft:coal":106,"minecraft:rail":9,"minecraft:cobblestone":463,"minecraft:diamond_pickaxe":2}},"DataVersion":1631}