{"stats":{"minecraft:killed":{"minecraft:cave_spider":10,"minecraft:zombie_pigman":6,"minecraft:spider":8,"minecraft:horse":1,"minecraft:skeleton":5,"minecraft:chicken":5,"minecraft:pig":3,"minecraft:zombie_villager":1,"minecraft:creeper":2,"minecraft:zombie":14,"minecraft:cow":2},"minecraft:mined":{"minecraft:diamond_ore":20,"minecraft:white_bed":4,"minecraft:cobblestone_stairs":5,"minecraft:obsidian":11,"minecraft:granite":84,"minecraft:grass_block":259,"minecraft:spawner":1,"minecraft:redstone_ore":114,"minecraft:oak_trapdoor":3,"minecraft:carrots":29,"minecraft:furnace":1,"minecraft:iron_ore":257,"minecraft:andesite":98,"minecraft:pumpkin":1,"minecraft:potatoes":68,"minecraft:rail":1,"minecraft:oak_stairs":1,"minecraft:stone":1818,"minecraft:white_wool":1,"minecraft:redstone_block":6,"minecraft:oak_fence":2,"minecraft:crafting_table":2,"minecraft:torch":18,"minecraft:poppy":2,"minecraft:chest":3,"minecraft:glass":2,"minecraft:cobblestone":35,"minecraft:lapis_ore":20,"minecraft:red_concrete":1,"minecraft:sugar_cane":33,"minecraft:oak_planks":7,"minecraft:diorite":69,"minecraft:wall_torch":13,"minecraft:birch_planks":17,"minecraft:lapis_block":1,"minecraft:birch_log":151,"minecraft:wheat":51,"minecraft:birch_leaves":7,"minecraft:grass":325,"minecraft:oak_log":22,"minecraft:coal_ore":723,"minecraft:gravel":95,"minecraft:sand":205,"minecraft:dirt":68,"minecraft:cobweb":35,"minecraft:netherrack":11,"minecraft:gold_ore":19,"minecraft:oak_leaves":4},"minecraft:crafted":{"minecraft:brick":64,"minecraft:wooden_sword":2,"minecraft:oak_planks":92,"minecraft:stone_shovel":2,"minecraft:cooked_chicken":2,"minecraft:furnace":4,"minecraft:cobblestone_stairs":40,"minecraft:stone":4,"minecraft:bone_meal":30,"minecraft:bookshelf":5,"minecraft:diamond_block":2,"minecraft:cooked_mutton":10,"minecraft:oak_trapdoor":2,"minecraft:glass":131,"minecraft:diamond":18,"minecraft:iron_boots":1,"minecraft:iron_axe":2,"minecraft:ladder":147,"minecraft:iron_hoe":1,"minecraft:stone_pickaxe":1,"minecraft:stone_pressure_plate":3,"minecraft:chest":8,"minecraft:redstone_block":44,"minecraft:cooked_beef":11,"minecraft:coal_block":30,"minecraft:diamond_sword":1,"minecraft:cooked_porkchop":4,"minecraft:crafting_table":7,"minecraft:baked_potato":21,"minecraft:iron_helmet":1,"minecraft:wooden_pickaxe":2,"minecraft:iron_sword":4,"minecraft:birch_planks":592,"minecraft:bucket":1,"minecraft:pumpkin_seeds":24,"minecraft:bread":5,"minecraft:air":0,"minecraft:white_wool":1,"minecraft:diamond_pickaxe":1,"minecraft:book":20,"minecraft:paper":60,"minecraft:stick":468,"minecraft:iron_ingot":254,"minecraft:iron_pickaxe":9,"minecraft:iron_block":7,"minecraft:gold_ingot":15,"minecraft:iron_shovel":3,"minecraft:iron_leggings":1,"minecraft:white_bed":3,"minecraft:torch":304,"minecraft:lapis_lazuli":9,"minecraft:shears":1,"minecraft:lapis_block":10,"minecraft:clay":2,"minecraft:diamond_chestplate":1},"minecraft:used":{"minecraft:oak_trapdoor":3,"minecraft:orange_concrete":17,"minecraft:flint_and_steel":34,"minecraft:iron_shovel":471,"minecraft:red_concrete":197,"minecraft:stone_shovel":131,"minecraft:ladder":136,"minecraft:chest":11,"minecraft:iron_sword":533,"minecraft:cooked_chicken":2,"minecraft:netherrack":102,"minecraft:torch":306,"minecraft:dirt":233,"minecraft:carrot":70,"minecraft:obsidian":10,"minecraft:granite":1,"minecraft:blue_concrete":37,"minecraft:iron_hoe":196,"minecraft:glass":131,"minecraft:bookshelf":5,"minecraft:red_wool":103,"minecraft:yellow_stained_glass":18,"minecraft:iron_axe":222,"minecraft:oak_stairs":11,"minecraft:lime_concrete":33,"minecraft:purple_concrete":36,"minecraft:furnace":5,"minecraft:cooked_cod":1,"minecraft:egg":1,"minecraft:stone_pressure_plate":3,"minecraft:cooked_beef":6,"minecraft:potato":168,"minecraft:wheat_seeds":74,"minecraft:cooked_mutton":10,"minecraft:water_bucket":27,"minecraft:diorite":1,"minecraft:cobblestone_stairs":41,"minecraft:birch_planks":267,"minecraft:stone_pickaxe":61,"minecraft:baked_potato":15,"minecraft:oak_planks":86,"minecraft:wooden_pickaxe":45,"minecraft:redstone_block":15,"minecraft:sugar_cane":29,"minecraft:white_wool":1,"minecraft:crafting_table":9,"minecraft:yellow_concrete":16,"minecraft:white_bed":7,"minecraft:wooden_hoe":15,"minecraft:diamond_pickaxe":1172,"minecraft:apple":5,"minecraft:bread":10,"minecraft:iron_pickaxe":2032,"minecraft:diamond_sword":37,"minecraft:wooden_sword":11,"minecraft:cobblestone":284,"minecraft:cooked_porkchop":4,"minecraft:andesite":3,"minecraft:bucket":27,"minecraft:lapis_block":2,"minecraft:bone_meal":8},"minecraft:broken":{"minecraft:iron_axe":1,"minecraft:iron_sword":1,"minecraft:iron_pickaxe":8,"minecraft:wooden_hoe":1,"minecraft:stone_shovel":1},"minecraft:killed_by":{"minecraft:zombie":1},"minecraft:dropped":{"minecraft:iron_ingot":24,"minecraft:iron_sword":2,"minecraft:lapis_lazuli":14,"minecraft:wheat_seeds":5,"minecraft:cooked_beef":5,"minecraft:oak_log":32,"minecraft:baked_potato":14,"minecraft:tnt":8,"minecraft:diamond":9,"minecraft:iron_helmet":1,"minecraft:cobblestone":57,"minecraft:coal":23,"minecraft:flint":1,"minecraft:dirt":55,"minecraft:torch":28,"minecraft:brown_wool":1,"minecraft:bone_meal":1,"minecraft:iron_pickaxe":1,"minecraft:cactus":6,"minecraft:gravel":6,"minecraft:stone_shovel":2,"minecraft:rotten_flesh":4,"minecraft:enchanted_golden_apple":1,"minecraft:clay_ball":66,"minecraft:oak_planks":6,"minecraft:blue_concrete":64,"minecraft:carrot":23,"minecraft:diamond_sword":2,"minecraft:iron_chestplate":2,"minecraft:quartz_block":58,"minecraft:spider_eye":2},"minecraft:custom":{"minecraft:mob_kills":58,"minecraft:interact_with_crafting_table":93,"minecraft:leave_game":2,"minecraft:time_since_death":35730,"minecraft:climb_one_cm":155965,"minecraft:sprint_one_cm":888204,"minecraft:walk_one_cm":1514806,"minecraft:drop":64,"minecraft:deaths":3,"minecraft:sneak_time":14490,"minecraft:walk_under_water_one_cm":10614,"minecraft:jump":3240,"minecraft:walk_on_water_one_cm":47453,"minecraft:enchant_item":11,"minecraft:interact_with_furnace":205,"minecraft:play_one_minute":407238,"minecraft:sleep_in_bed":12,"minecraft:time_since_rest":17205,"minecraft:damage_taken":4201,"minecraft:damage_dealt":10738,"minecraft:swim_one_cm":4795,"minecraft:player_kills":1,"minecraft:fly_one_cm":597829,"minecraft:open_chest":205,"minecraft:crouch_one_cm":62270,"minecraft:fall_one_cm":67613},"minecraft:picked_up":{"minecraft:crafting_table":2,"minecraft:iron_chestplate":5,"minecraft:wheat":13,"minecraft:diamond_sword":3,"minecraft:redstone_block":6,"minecraft:chicken":4,"minecraft:clay_ball":10,"minecraft:brown_mushroom":1,"minecraft:wooden_pickaxe":1,"minecraft:oak_stairs":1,"minecraft:lapis_block":2,"minecraft:string":54,"minecraft:oak_trapdoor":3,"minecraft:iron_leggings":3,"minecraft:beetroot":7,"minecraft:gold_nugget":2,"minecraft:beef":2,"minecraft:rose_bush":1,"minecraft:poppy":1,"minecraft:enchanted_golden_apple":1,"minecraft:iron_pickaxe":3,"minecraft:sugar_cane":52,"minecraft:chest":3,"minecraft:birch_sapling":4,"minecraft:furnace":1,"minecraft:iron_boots":4,"minecraft:egg":7,"minecraft:stick":64,"minecraft:oak_fence":4,"minecraft:torch":123,"minecraft:porkchop":6,"minecraft:redstone":525,"minecraft:diorite":72,"minecraft:carrot":149,"minecraft:quartz_block":58,"minecraft:tnt":8,"minecraft:diamond_chestplate":1,"minecraft:arrow":5,"minecraft:rotten_flesh":42,"minecraft:stone_shovel":2,"minecraft:cooked_cod":1,"minecraft:shears":1,"minecraft:obsidian":10,"minecraft:mutton":2,"minecraft:rail":8,"minecraft:white_wool":19,"minecraft:cobblestone":1867,"minecraft:birch_log":153,"minecraft:feather":4,"minecraft:andesite":101,"minecraft:brown_wool":1,"minecraft:leather":6,"minecraft:potato":222,"minecraft:birch_planks":34,"minecraft:flint":8,"minecraft:oak_log":86,"minecraft:cobblestone_stairs":5,"minecraft:gunpowder":7,"minecraft:lapis_lazuli":148,"minecraft:wooden_hoe":1,"minecraft:dirt":425,"minecraft:bone":2,"minecraft:apple":4,"minecraft:wheat_seeds":115,"minecraft:iron_ingot":15,"minecraft:stone_pickaxe":1,"minecraft:iron_ore":253,"minecraft:iron_sword":5,"minecraft:oak_planks":30,"minecraft:pumpkin":6,"minecraft:dandelion":1,"minecraft:poisonous_potato":2,"minecraft:gravel":87,"minecraft:sand":205,"minecraft:white_bed":3,"minecraft:gold_ore":19,"minecraft:spider_eye":4,"minecraft:diamond":50,"minecraft:iron_helmet":3,"minecraft:granite":82,"minecraft:gray_wool":1,"minecraft:baked_potato":8,"minecraft:red_concrete":1,"minecraft:bread":3,"minecraft:netherrack":18,"minecraft:melon_seeds":3,"minecraft:oak_sapling":12,"minecraft:black_wool":3,"minecraft:coal":727,"minecraft:diamond_pickaxe":1}},"DataVersion":1631}