{"stats":{"minecraft:killed":{"minecraft:cave_spider":7,"minecraft:spider":15,"minecraft:skeleton":25,"minecraft:chicken":1,"minecraft:pig":2,"minecraft:zombie_villager":1,"minecraft:salmon":2,"minecraft:creeper":9,"minecraft:zombie":32,"minecraft:cow":3,"minecraft:zombie_pigman":4,"minecraft:slime":5},"minecraft:mined":{"minecraft:white_bed":10,"minecraft:obsidian":10,"minecraft:granite":27,"minecraft:grass_block":9,"minecraft:spawner":1,"minecraft:glowstone":28,"minecraft:iron_ore":219,"minecraft:oak_stairs":14,"minecraft:piston_head":1,"minecraft:brown_mushroom":1,"minecraft:torch":12,"minecraft:poppy":55,"minecraft:chest":3,"minecraft:nether_quartz_ore":16,"minecraft:cobblestone":105,"minecraft:oak_planks":67,"minecraft:wall_torch":3,"minecraft:seagrass":28,"minecraft:repeater":10,"minecraft:powered_rail":2,"minecraft:birch_log":88,"minecraft:grass":47,"minecraft:oak_log":5,"minecraft:dirt":28,"minecraft:netherrack":18,"minecraft:piston":5,"minecraft:oak_leaves":2,"minecraft:wall_sign":4,"minecraft:diamond_ore":39,"minecraft:yellow_wall_banner":3,"minecraft:lever":2,"minecraft:ladder":6,"minecraft:stone_button":3,"minecraft:redstone_wire":28,"minecraft:birch_slab":2,"minecraft:spruce_leaves":5,"minecraft:redstone_ore":91,"minecraft:furnace":3,"minecraft:carrots":39,"minecraft:andesite":59,"minecraft:rail":1,"minecraft:stone":1019,"minecraft:redstone_wall_torch":7,"minecraft:soul_sand":7,"minecraft:dandelion":51,"minecraft:oak_fence":2,"minecraft:crafting_table":4,"minecraft:stone_slab":7,"minecraft:lapis_ore":18,"minecraft:red_concrete":1,"minecraft:diorite":72,"minecraft:birch_planks":28,"minecraft:redstone_torch":3,"minecraft:spruce_log":59,"minecraft:birch_leaves":4,"minecraft:white_wall_banner":7,"minecraft:coal_ore":273,"minecraft:gravel":10,"minecraft:cobweb":13,"minecraft:oak_button":1,"minecraft:stone_bricks":41,"minecraft:gold_ore":66},"minecraft:crafted":{"minecraft:brick":72,"minecraft:oak_planks":44,"minecraft:yellow_wool":12,"minecraft:birch_slab":12,"minecraft:stone":196,"minecraft:lever":3,"minecraft:bookshelf":13,"minecraft:glass":13,"minecraft:repeater":3,"minecraft:diamond_helmet":1,"minecraft:bow":2,"minecraft:diamond_leggings":1,"minecraft:iron_boots":6,"minecraft:stone_pressure_plate":1,"minecraft:chest":9,"minecraft:oak_button":2,"minecraft:yellow_banner":6,"minecraft:stone_bricks":156,"minecraft:white_banner":14,"minecraft:crafting_table":7,"minecraft:wooden_pickaxe":1,"minecraft:iron_helmet":2,"minecraft:rose_red":80,"minecraft:sticky_piston":2,"minecraft:birch_planks":352,"minecraft:dandelion_yellow":51,"minecraft:iron_chestplate":4,"minecraft:diamond_pickaxe":1,"minecraft:shield":1,"minecraft:stick":264,"minecraft:stone_slab":48,"minecraft:iron_pickaxe":6,"minecraft:iron_ingot":240,"minecraft:stone_sword":1,"minecraft:gold_ingot":89,"minecraft:redstone_torch":7,"minecraft:cactus_green":6,"minecraft:shears":2,"minecraft:furnace":2,"minecraft:stone_button":1,"minecraft:piston":2,"minecraft:bone_meal":60,"minecraft:orange_wool":6,"minecraft:flint_and_steel":1,"minecraft:iron_axe":1,"minecraft:lime_dye":12,"minecraft:stone_pickaxe":1,"minecraft:diamond_boots":1,"minecraft:orange_banner":7,"minecraft:diamond_sword":1,"minecraft:enchanting_table":1,"minecraft:iron_sword":2,"minecraft:bucket":4,"minecraft:sign":78,"minecraft:stone_axe":1,"minecraft:glowstone":13,"minecraft:orange_dye":12,"minecraft:bread":2,"minecraft:air":0,"minecraft:oak_boat":1,"minecraft:white_wool":32,"minecraft:oak_stairs":12,"minecraft:iron_leggings":2,"minecraft:anvil":1,"minecraft:torch":628,"minecraft:lapis_block":10,"minecraft:diamond_chestplate":1},"minecraft:used":{"minecraft:ladder":9,"minecraft:chest":12,"minecraft:iron_sword":329,"minecraft:rotten_flesh":49,"minecraft:soul_sand":3,"minecraft:carrot":102,"minecraft:obsidian":2,"minecraft:glass":13,"minecraft:lava_bucket":30,"minecraft:stone_bricks":126,"minecraft:repeater":11,"minecraft:bow":1,"minecraft:furnace":5,"minecraft:egg":4,"minecraft:diorite":7,"minecraft:stone_pickaxe":110,"minecraft:powered_rail":1,"minecraft:oak_planks":60,"minecraft:lily_pad":1,"minecraft:wooden_pickaxe":10,"minecraft:shears":1,"minecraft:redstone_torch":13,"minecraft:sticky_piston":2,"minecraft:lever":5,"minecraft:birch_slab":13,"minecraft:bread":4,"minecraft:stone_button":5,"minecraft:sign":72,"minecraft:gravel":3,"minecraft:diamond_sword":68,"minecraft:andesite":42,"minecraft:oak_boat":2,"minecraft:bone_meal":52,"minecraft:enchanting_table":1,"minecraft:stone_sword":104,"minecraft:flint_and_steel":28,"minecraft:redstone":33,"minecraft:netherrack":6,"minecraft:oak_door":1,"minecraft:torch":410,"minecraft:dirt":39,"minecraft:anvil":1,"minecraft:granite":4,"minecraft:bookshelf":12,"minecraft:iron_axe":260,"minecraft:oak_stairs":24,"minecraft:glowstone":11,"minecraft:beef":7,"minecraft:cooked_beef":5,"minecraft:cooked_mutton":8,"minecraft:water_bucket":85,"minecraft:yellow_banner":5,"minecraft:birch_planks":7,"minecraft:brown_mushroom":1,"minecraft:crafting_table":10,"minecraft:white_bed":1,"minecraft:spruce_log":37,"minecraft:piston":6,"minecraft:diamond_pickaxe":1009,"minecraft:oak_button":3,"minecraft:iron_pickaxe":1010,"minecraft:stone_slab":48,"minecraft:stone_axe":17,"minecraft:cobblestone":462,"minecraft:orange_banner":1,"minecraft:white_banner":9,"minecraft:cooked_porkchop":10,"minecraft:bucket":118},"minecraft:broken":{"minecraft:iron_axe":1,"minecraft:iron_pickaxe":2},"minecraft:dropped":{"minecraft:gold_ore":14,"minecraft:iron_sword":3,"minecraft:birch_planks":3,"minecraft:lapis_lazuli":15,"minecraft:cooked_beef":1,"minecraft:diamond":46,"minecraft:crafting_table":2,"minecraft:leather":3,"minecraft:birch_slab":4,"minecraft:dirt":9,"minecraft:grass":1,"minecraft:stone_button":1,"minecraft:gold_nugget":1,"minecraft:iron_pickaxe":5,"minecraft:white_wool":5,"minecraft:bone":7,"minecraft:stone_axe":1,"minecraft:birch_sapling":2,"minecraft:rotten_flesh":7,"minecraft:enchanted_golden_apple":1,"minecraft:salmon":1,"minecraft:carrot":7,"minecraft:gunpowder":6,"minecraft:melon_seeds":6,"minecraft:ladder":1,"minecraft:iron_ore":43,"minecraft:netherrack":8,"minecraft:egg":1,"minecraft:iron_ingot":17,"minecraft:wheat_seeds":13,"minecraft:iron_helmet":4,"minecraft:cobblestone":172,"minecraft:book":2,"minecraft:granite":1,"minecraft:stick":4,"minecraft:lava_bucket":1,"minecraft:gray_wool":1,"minecraft:diorite":39,"minecraft:brown_wool":1,"minecraft:iron_leggings":3,"minecraft:white_banner":5,"minecraft:iron_axe":1,"minecraft:iron_shovel":1,"minecraft:string":38,"minecraft:lapis_block":10,"minecraft:redstone":94,"minecraft:red_concrete":2,"minecraft:stone_sword":2,"minecraft:stone_shovel":2,"minecraft:clay_ball":10,"minecraft:iron_boots":11,"minecraft:name_tag":2,"minecraft:flint_and_steel":1,"minecraft:diamond_sword":7,"minecraft:stone":2,"minecraft:iron_chestplate":5,"minecraft:diamond_pickaxe":1,"minecraft:andesite":29,"minecraft:redstone_torch":1,"minecraft:stone_pressure_plate":1,"minecraft:spider_eye":2,"minecraft:spruce_log":2,"minecraft:bow":1,"minecraft:stone_pickaxe":3,"minecraft:black_wool":3},"minecraft:custom":{"minecraft:interact_with_crafting_table":107,"minecraft:leave_game":6,"minecraft:time_since_death":352753,"minecraft:sprint_one_cm":955399,"minecraft:damage_blocked_by_shield":475,"minecraft:drop":222,"minecraft:jump":4204,"minecraft:walk_on_water_one_cm":44597,"minecraft:enchant_item":2,"minecraft:interact_with_furnace":177,"minecraft:play_one_minute":352753,"minecraft:sleep_in_bed":6,"minecraft:damage_dealt":19264,"minecraft:player_kills":4,"minecraft:crouch_one_cm":218173,"minecraft:horse_one_cm":3637,"minecraft:mob_kills":109,"minecraft:climb_one_cm":115397,"minecraft:walk_one_cm":1004984,"minecraft:sneak_time":66176,"minecraft:walk_under_water_one_cm":19619,"minecraft:boat_one_cm":153679,"minecraft:time_since_rest":88235,"minecraft:damage_taken":3774,"minecraft:swim_one_cm":11652,"minecraft:fly_one_cm":550185,"minecraft:open_chest":290,"minecraft:fall_one_cm":102688},"minecraft:picked_up":{"minecraft:iron_chestplate":3,"minecraft:stone_slab":6,"minecraft:diamond_sword":7,"minecraft:oak_stairs":14,"minecraft:blue_concrete":63,"minecraft:string":48,"minecraft:iron_leggings":1,"minecraft:rose_bush":13,"minecraft:redstone_torch":13,"minecraft:iron_pickaxe":3,"minecraft:enchanted_golden_apple":1,"minecraft:iron_boots":5,"minecraft:furnace":3,"minecraft:stick":9,"minecraft:oak_fence":7,"minecraft:torch":33,"minecraft:diorite":65,"minecraft:yellow_banner":3,"minecraft:stone_sword":1,"minecraft:cactus":6,"minecraft:rotten_flesh":46,"minecraft:obsidian":9,"minecraft:cobblestone":1194,"minecraft:birch_log":88,"minecraft:repeater":10,"minecraft:feather":1,"minecraft:cooked_beef":6,"minecraft:birch_slab":5,"minecraft:andesite":68,"minecraft:brown_wool":1,"minecraft:flint":1,"minecraft:lapis_lazuli":111,"minecraft:dirt":85,"minecraft:name_tag":2,"minecraft:sign":5,"minecraft:bone":32,"minecraft:bow":2,"minecraft:wheat_seeds":13,"minecraft:glowstone_dust":82,"minecraft:oak_planks":84,"minecraft:cooked_porkchop":5,"minecraft:diamond":79,"minecraft:lever":2,"minecraft:granite":28,"minecraft:grass":1,"minecraft:oak_sapling":1,"minecraft:netherrack":14,"minecraft:bricks":14,"minecraft:diamond_pickaxe":1,"minecraft:crafting_table":4,"minecraft:chicken":1,"minecraft:ladder":6,"minecraft:brown_mushroom":1,"minecraft:iron_axe":1,"minecraft:iron_shovel":1,"minecraft:beef":7,"minecraft:oak_boat":1,"minecraft:poppy":54,"minecraft:chest":3,"minecraft:birch_sapling":2,"minecraft:piston":6,"minecraft:egg":5,"minecraft:oak_door":1,"minecraft:stone_button":5,"minecraft:carrot":120,"minecraft:redstone":426,"minecraft:arrow":28,"minecraft:stone_shovel":2,"minecraft:beetroot_seeds":5,"minecraft:white_wool":8,"minecraft:rail":1,"minecraft:salmon":1,"minecraft:leather":3,"minecraft:birch_planks":34,"minecraft:oak_log":5,"minecraft:lily_pad":4,"minecraft:gunpowder":14,"minecraft:white_banner":10,"minecraft:stone_bricks":41,"minecraft:stone_pickaxe":2,"minecraft:iron_ore":265,"minecraft:soul_sand":7,"minecraft:iron_sword":3,"minecraft:book":1,"minecraft:quartz":16,"minecraft:dandelion":51,"minecraft:gravel":16,"minecraft:lava_bucket":1,"minecraft:spruce_log":59,"minecraft:gold_ore":73,"minecraft:spider_eye":4,"minecraft:slime_ball":2,"minecraft:iron_helmet":3,"minecraft:gray_wool":1,"minecraft:oak_button":1,"minecraft:black_wool":3,"minecraft:melon_seeds":3,"minecraft:red_concrete":2,"minecraft:coal":276}},"DataVersion":1631}