{"stats":{"minecraft:used":{"minecraft:stone_sword":154,"minecraft:carved_pumpkin":4,"minecraft:stone_shovel":242,"minecraft:chest":7,"minecraft:iron_sword":24,"minecraft:rotten_flesh":23,"minecraft:cooked_chicken":4,"minecraft:oak_door":1,"minecraft:torch":2,"minecraft:soul_sand":8,"minecraft:dirt":198,"minecraft:cobblestone_wall":60,"minecraft:carrot":53,"minecraft:wooden_axe":101,"minecraft:oak_stairs":8,"minecraft:oak_sapling":1,"minecraft:furnace":2,"minecraft:egg":21,"minecraft:cooked_beef":12,"minecraft:pumpkin":8,"minecraft:snow_block":15,"minecraft:birch_planks":149,"minecraft:stone_pickaxe":72,"minecraft:oak_planks":295,"minecraft:sand":4,"minecraft:crafting_table":8,"minecraft:white_bed":4,"minecraft:birch_fence":13,"minecraft:oak_log":1,"minecraft:apple":2,"minecraft:oxeye_daisy":1,"minecraft:stone_axe":212,"minecraft:wooden_sword":38,"minecraft:cobblestone":4,"minecraft:cooked_porkchop":2,"minecraft:bone_meal":12,"minecraft:birch_stairs":3},"minecraft:custom":{"minecraft:mob_kills":27,"minecraft:interact_with_crafting_table":36,"minecraft:leave_game":1,"minecraft:time_since_death":2196,"minecraft:climb_one_cm":5794,"minecraft:sprint_one_cm":526784,"minecraft:walk_one_cm":675909,"minecraft:drop":17,"minecraft:talked_to_villager":2,"minecraft:deaths":10,"minecraft:sneak_time":3557,"minecraft:walk_under_water_one_cm":3371,"minecraft:jump":2878,"minecraft:walk_on_water_one_cm":29044,"minecraft:interact_with_furnace":11,"minecraft:play_one_minute":182006,"minecraft:sleep_in_bed":5,"minecraft:time_since_rest":2220,"minecraft:damage_taken":4473,"minecraft:damage_dealt":3341,"minecraft:swim_one_cm":4600,"minecraft:fly_one_cm":545767,"minecraft:player_kills":1,"minecraft:open_chest":62,"minecraft:crouch_one_cm":14535,"minecraft:fall_one_cm":101544,"minecraft:horse_one_cm":486},"minecraft:dropped":{"minecraft:iron_sword":1,"minecraft:birch_planks":20,"minecraft:oak_log":94,"minecraft:iron_helmet":1,"minecraft:rail":32,"minecraft:oak_stairs":1,"minecraft:pumpkin":5,"minecraft:iron_pickaxe":1,"minecraft:sugar_cane":14,"minecraft:stone_shovel":1,"minecraft:beetroot":7,"minecraft:iron_boots":1,"minecraft:cooked_mutton":1,"minecraft:carrot":21,"minecraft:potato":47,"minecraft:iron_chestplate":1},"minecraft:broken":{"minecraft:stone_sword":1,"minecraft:stone_axe":1,"minecraft:wooden_axe":1,"minecraft:stone_shovel":1},"minecraft:killed_by":{"minecraft:player":3,"minecraft:zombie_pigman":1,"minecraft:wither_skeleton":1,"minecraft:drowned":1,"minecraft:skeleton":1,"minecraft:zombie":1},"minecraft:mined":{"minecraft:carved_pumpkin":4,"minecraft:grass_block":133,"minecraft:nether_wart":20,"minecraft:oxeye_daisy":1,"minecraft:furnace":1,"minecraft:carrots":35,"minecraft:snow":113,"minecraft:pumpkin":14,"minecraft:bookshelf":14,"minecraft:potatoes":41,"minecraft:oak_stairs":1,"minecraft:stone":43,"minecraft:soul_sand":31,"minecraft:snow_block":2,"minecraft:dandelion":2,"minecraft:crafting_table":4,"minecraft:torch":2,"minecraft:poppy":1,"minecraft:chest":3,"minecraft:oak_planks":17,"minecraft:sugar_cane":5,"minecraft:diorite":1,"minecraft:wall_torch":4,"minecraft:seagrass":3,"minecraft:birch_planks":71,"minecraft:birch_log":46,"minecraft:wheat":28,"minecraft:birch_leaves":34,"minecraft:grass":230,"minecraft:oak_log":146,"minecraft:coal_ore":25,"minecraft:beetroots":14,"minecraft:sand":2,"minecraft:dirt":82,"minecraft:red_mushroom_block":4,"minecraft:oak_leaves":89,"minecraft:birch_fence":8},"minecraft:killed":{"minecraft:zombie_pigman":4,"minecraft:spider":2,"minecraft:skeleton":1,"minecraft:pig":1,"minecraft:salmon":1,"minecraft:zombie":3,"minecraft:ghast":1,"minecraft:cow":13},"minecraft:crafted":{"minecraft:oak_door":3,"minecraft:oak_planks":444,"minecraft:stone_shovel":2,"minecraft:furnace":1,"minecraft:stone_pickaxe":1,"minecraft:cobblestone_wall":60,"minecraft:chest":5,"minecraft:cooked_beef":13,"minecraft:crafting_table":4,"minecraft:iron_sword":1,"minecraft:birch_planks":184,"minecraft:stone_axe":2,"minecraft:air":0,"minecraft:birch_fence":6,"minecraft:stick":36,"minecraft:oak_stairs":36,"minecraft:wooden_axe":2,"minecraft:stone_sword":1,"minecraft:snow_block":15,"minecraft:birch_stairs":4},"minecraft:picked_up":{"minecraft:crafting_table":8,"minecraft:iron_chestplate":4,"minecraft:wheat":15,"minecraft:nether_wart":27,"minecraft:oak_stairs":2,"minecraft:music_disc_cat":1,"minecraft:string":8,"minecraft:wooden_sword":4,"minecraft:iron_leggings":1,"minecraft:birch_fence":7,"minecraft:beetroot":7,"minecraft:gold_nugget":2,"minecraft:beef":30,"minecraft:rose_bush":4,"minecraft:poppy":1,"minecraft:iron_pickaxe":1,"minecraft:sugar_cane":14,"minecraft:chest":5,"minecraft:birch_sapling":7,"minecraft:egg":10,"minecraft:iron_boots":4,"minecraft:furnace":1,"minecraft:stick":14,"minecraft:torch":6,"minecraft:porkchop":2,"minecraft:diorite":2,"minecraft:carrot":74,"minecraft:stone_shovel":2,"minecraft:rotten_flesh":10,"minecraft:beetroot_seeds":16,"minecraft:carved_pumpkin":4,"minecraft:mutton":6,"minecraft:snowball":126,"minecraft:rail":32,"minecraft:cobblestone":101,"minecraft:oxeye_daisy":1,"minecraft:birch_log":46,"minecraft:salmon":1,"minecraft:leather":14,"minecraft:brown_wool":1,"minecraft:potato":47,"minecraft:birch_planks":83,"minecraft:oak_log":275,"minecraft:dirt":249,"minecraft:cooked_mutton":1,"minecraft:apple":3,"minecraft:wheat_seeds":110,"minecraft:soul_sand":31,"minecraft:oak_planks":40,"minecraft:iron_sword":2,"minecraft:book":42,"minecraft:pumpkin":14,"minecraft:dandelion":2,"minecraft:sand":4,"minecraft:white_bed":4,"minecraft:pumpkin_seeds":32,"minecraft:stone_axe":1,"minecraft:iron_helmet":4,"minecraft:bone_meal":52,"minecraft:oak_sapling":15,"minecraft:netherrack":2,"minecraft:coal":26}},"DataVersion":1631}