{"stats":{"minecraft:killed":{"minecraft:sheep":1},"minecraft:mined":{"minecraft:dandelion":3,"minecraft:torch":1,"minecraft:grass_block":34,"minecraft:poppy":3,"minecraft:cobblestone":10,"minecraft:sugar_cane":75,"minecraft:oak_planks":7,"minecraft:wall_torch":8,"minecraft:seagrass":26,"minecraft:birch_planks":5,"minecraft:wheat":20,"minecraft:pumpkin":1,"minecraft:grass":214,"minecraft:beetroots":14,"minecraft:oak_log":4,"minecraft:dirt":12,"minecraft:sand":16,"minecraft:oak_leaves":5},"minecraft:crafted":{"minecraft:cooked_beef":27,"minecraft:oak_planks":148,"minecraft:fishing_rod":1,"minecraft:cooked_porkchop":20,"minecraft:cooked_chicken":4,"minecraft:bone_meal":69,"minecraft:cooked_mutton":8,"minecraft:air":0,"minecraft:oak_boat":1,"minecraft:wooden_hoe":3,"minecraft:stick":16,"minecraft:iron_ingot":2,"minecraft:bricks":7},"minecraft:used":{"minecraft:wheat_seeds":73,"minecraft:red_concrete":1,"minecraft:birch_planks":30,"minecraft:stone_pickaxe":22,"minecraft:oak_planks":73,"minecraft:iron_sword":8,"minecraft:sugar_cane":8,"minecraft:rotten_flesh":25,"minecraft:dirt":17,"minecraft:carrot":35,"minecraft:white_bed":1,"minecraft:granite":1,"minecraft:glass":9,"minecraft:iron_hoe":9,"minecraft:wooden_hoe":72,"minecraft:black_wool":1,"minecraft:bricks":4,"minecraft:iron_pickaxe":8,"minecraft:melon_seeds":1,"minecraft:diamond_sword":1,"minecraft:glowstone":1,"minecraft:fishing_rod":6,"minecraft:white_banner":1,"minecraft:beetroot_seeds":44,"minecraft:lapis_block":9,"minecraft:oak_boat":1,"minecraft:pumpkin":1},"minecraft:killed_by":{"minecraft:player":4,"minecraft:cave_spider":1,"minecraft:skeleton":4,"minecraft:spider":2,"minecraft:drowned":2},"minecraft:dropped":{"minecraft:poisonous_potato":1,"minecraft:rotten_flesh":2,"minecraft:iron_boots":4,"minecraft:blue_concrete":1,"minecraft:dirt":1,"minecraft:wooden_hoe":1,"minecraft:andesite":1,"minecraft:sand":4,"minecraft:fishing_rod":1},"minecraft:custom":{"minecraft:interact_with_furnace":50,"minecraft:mob_kills":1,"minecraft:interact_with_crafting_table":15,"minecraft:play_one_minute":179370,"minecraft:leave_game":5,"minecraft:time_since_death":0,"minecraft:sleep_in_bed":6,"minecraft:climb_one_cm":14838,"minecraft:time_since_rest":217,"minecraft:sprint_one_cm":295235,"minecraft:damage_taken":5459,"minecraft:walk_one_cm":1251602,"minecraft:drop":16,"minecraft:damage_dealt":941,"minecraft:fly_one_cm":57085,"minecraft:player_kills":3,"minecraft:open_chest":154,"minecraft:crouch_one_cm":697,"minecraft:deaths":20,"minecraft:sneak_time":248,"minecraft:walk_under_water_one_cm":3055,"minecraft:boat_one_cm":52655,"minecraft:jump":1842,"minecraft:walk_on_water_one_cm":24008,"minecraft:fish_caught":3,"minecraft:fall_one_cm":43564,"minecraft:horse_one_cm":1961},"minecraft:picked_up":{"minecraft:fishing_rod":3,"minecraft:iron_chestplate":3,"minecraft:wheat":17,"minecraft:chicken":2,"minecraft:clay_ball":3,"minecraft:andesite":1,"minecraft:leather":2,"minecraft:diamond_sword":1,"minecraft:wooden_pickaxe":1,"minecraft:potato":5,"minecraft:birch_planks":8,"minecraft:oak_log":12,"minecraft:blue_concrete":1,"minecraft:brick":9,"minecraft:cobblestone_stairs":28,"minecraft:lapis_block":9,"minecraft:wooden_hoe":2,"minecraft:dirt":87,"minecraft:string":1,"minecraft:white_banner":1,"minecraft:bone":2,"minecraft:beetroot":13,"minecraft:wheat_seeds":65,"minecraft:gold_nugget":1,"minecraft:stone_pickaxe":3,"minecraft:rose_bush":3,"minecraft:poppy":3,"minecraft:iron_pickaxe":2,"minecraft:sugar_cane":91,"minecraft:birch_sapling":2,"minecraft:iron_sword":1,"minecraft:oak_planks":19,"minecraft:iron_boots":7,"minecraft:egg":9,"minecraft:stick":3,"minecraft:pumpkin":2,"minecraft:torch":10,"minecraft:dandelion":3,"minecraft:poisonous_potato":2,"minecraft:gravel":1,"minecraft:porkchop":2,"minecraft:sand":16,"minecraft:white_bed":1,"minecraft:carrot":4,"minecraft:spider_eye":2,"minecraft:rotten_flesh":8,"minecraft:arrow":4,"minecraft:stone_shovel":1,"minecraft:beetroot_seeds":33,"minecraft:peony":1,"minecraft:iron_helmet":2,"minecraft:granite":2,"minecraft:red_concrete":1,"minecraft:melon_seeds":1,"minecraft:oak_sapling":1,"minecraft:mutton":2,"minecraft:black_wool":2,"minecraft:cod":2,"minecraft:rail":1,"minecraft:cobblestone":29}},"DataVersion":1631}