{"stats":{"minecraft:mined":{"minecraft:grass":25,"minecraft:oak_log":15,"minecraft:oak_leaves":2},"minecraft:picked_up":{"minecraft:oak_log":15,"minecraft:rose_bush":2,"minecraft:wheat_seeds":1},"minecraft:dropped":{"minecraft:wheat_seeds":1},"minecraft:used":{"minecraft:rose_bush":2},"minecraft:custom":{"minecraft:jump":25,"minecraft:time_since_rest":4365,"minecraft:crouch_one_cm":1599,"minecraft:play_one_minute":4365,"minecraft:leave_game":2,"minecraft:sprint_one_cm":4048,"minecraft:time_since_death":4365,"minecraft:walk_one_cm":9960,"minecraft:sneak_time":842,"minecraft:drop":1,"minecraft:fall_one_cm":418,"minecraft:fly_one_cm":3092}},"DataVersion":1631}