{"stats":{"minecraft:killed":{"minecraft:cave_spider":13,"minecraft:witch":1,"minecraft:spider":5,"minecraft:skeleton":6,"minecraft:chicken":3,"minecraft:drowned":1,"minecraft:wolf":1,"minecraft:pig":3,"minecraft:zombie_villager":1,"minecraft:bat":1,"minecraft:squid":4,"minecraft:creeper":1,"minecraft:sheep":3,"minecraft:zombie":11,"minecraft:cow":7},"minecraft:mined":{"minecraft:cobblestone_stairs":11,"minecraft:granite":58,"minecraft:ladder":22,"minecraft:grass_block":33,"minecraft:redstone_ore":38,"minecraft:iron_ore":131,"minecraft:andesite":96,"minecraft:rail":1,"minecraft:white_banner":1,"minecraft:stone":1827,"minecraft:dandelion":6,"minecraft:oak_fence":1,"minecraft:torch":2,"minecraft:poppy":8,"minecraft:stone_slab":2,"minecraft:glass":1,"minecraft:cobblestone":165,"minecraft:lapis_ore":16,"minecraft:bricks":3,"minecraft:oak_planks":5,"minecraft:diorite":124,"minecraft:wall_torch":12,"minecraft:birch_planks":7,"minecraft:birch_log":32,"minecraft:wheat":6,"minecraft:birch_leaves":5,"minecraft:white_wall_banner":2,"minecraft:black_wool":1,"minecraft:grass":48,"minecraft:oak_log":27,"minecraft:coal_ore":263,"minecraft:gravel":44,"minecraft:dirt":133,"minecraft:cobweb":24,"minecraft:gold_ore":18,"minecraft:oak_leaves":5,"minecraft:fern":1},"minecraft:crafted":{"minecraft:wooden_sword":1,"minecraft:oak_planks":60,"minecraft:cooked_chicken":1,"minecraft:cobblestone_stairs":460,"minecraft:bone_meal":15,"minecraft:cooked_mutton":4,"minecraft:ladder":54,"minecraft:stone_pickaxe":11,"minecraft:cooked_beef":2,"minecraft:white_banner":4,"minecraft:diamond_sword":1,"minecraft:cooked_porkchop":2,"minecraft:crafting_table":3,"minecraft:rose_red":8,"minecraft:wooden_pickaxe":4,"minecraft:iron_helmet":1,"minecraft:iron_sword":1,"minecraft:birch_planks":118,"minecraft:bread":4,"minecraft:dandelion_yellow":4,"minecraft:iron_chestplate":1,"minecraft:diamond_pickaxe":1,"minecraft:stick":216,"minecraft:iron_ingot":34,"minecraft:iron_pickaxe":7,"minecraft:iron_block":15,"minecraft:torch":120,"minecraft:lapis_lazuli":27,"minecraft:lapis_block":11},"minecraft:used":{"minecraft:ladder":48,"minecraft:chest":1,"minecraft:iron_sword":256,"minecraft:cooked_chicken":3,"minecraft:torch":120,"minecraft:dirt":10,"minecraft:mutton":3,"minecraft:carrot":10,"minecraft:granite":14,"minecraft:blue_concrete":81,"minecraft:beef":2,"minecraft:cooked_beef":1,"minecraft:potato":1,"minecraft:wheat_seeds":9,"minecraft:cooked_mutton":4,"minecraft:diorite":14,"minecraft:cobblestone_stairs":218,"minecraft:birch_planks":4,"minecraft:powered_rail":2,"minecraft:stone_pickaxe":1176,"minecraft:baked_potato":9,"minecraft:oak_planks":1,"minecraft:wooden_pickaxe":65,"minecraft:golden_apple":1,"minecraft:rail":18,"minecraft:crafting_table":3,"minecraft:white_bed":5,"minecraft:diamond_pickaxe":8,"minecraft:apple":2,"minecraft:chicken":1,"minecraft:bread":4,"minecraft:iron_pickaxe":1750,"minecraft:stone_slab":1,"minecraft:gravel":5,"minecraft:diamond_sword":27,"minecraft:wooden_sword":77,"minecraft:cobblestone":876,"minecraft:white_banner":3,"minecraft:cooked_porkchop":2,"minecraft:porkchop":1,"minecraft:lapis_block":8},"minecraft:broken":{"minecraft:stone_pickaxe":9,"minecraft:wooden_sword":1,"minecraft:iron_pickaxe":6,"minecraft:iron_helmet":1},"minecraft:killed_by":{"minecraft:player":3,"minecraft:creeper":1,"minecraft:spider":1,"minecraft:drowned":2,"minecraft:skeleton":1,"minecraft:witch":1},"minecraft:dropped":{"minecraft:iron_helmet":1,"minecraft:stick":3,"minecraft:dirt":1,"minecraft:torch":18,"minecraft:iron_pickaxe":1,"minecraft:rotten_flesh":1,"minecraft:blue_concrete":64,"minecraft:iron_boots":3,"minecraft:carrot":8,"minecraft:diamond_sword":2,"minecraft:diamond_pickaxe":1,"minecraft:stone_pickaxe":3,"minecraft:black_wool":1},"minecraft:custom":{"minecraft:mob_kills":62,"minecraft:interact_with_crafting_table":47,"minecraft:leave_game":3,"minecraft:time_since_death":32386,"minecraft:climb_one_cm":16595,"minecraft:sprint_one_cm":506092,"minecraft:walk_one_cm":851183,"minecraft:drop":84,"minecraft:deaths":11,"minecraft:sneak_time":5307,"minecraft:walk_under_water_one_cm":8956,"minecraft:jump":2177,"minecraft:walk_on_water_one_cm":38760,"minecraft:enchant_item":2,"minecraft:interact_with_furnace":64,"minecraft:play_one_minute":263922,"minecraft:sleep_in_bed":9,"minecraft:time_since_rest":32449,"minecraft:damage_taken":4794,"minecraft:damage_absorbed":40,"minecraft:minecart_one_cm":7330,"minecraft:damage_dealt":9269,"minecraft:player_kills":1,"minecraft:fly_one_cm":164763,"minecraft:open_chest":108,"minecraft:crouch_one_cm":12301,"minecraft:fall_one_cm":42857},"minecraft:picked_up":{"minecraft:iron_chestplate":3,"minecraft:wheat":6,"minecraft:chicken":4,"minecraft:ladder":60,"minecraft:diamond_sword":3,"minecraft:stone_slab":3,"minecraft:wooden_pickaxe":4,"minecraft:blue_concrete":65,"minecraft:string":46,"minecraft:iron_axe":1,"minecraft:iron_leggings":2,"minecraft:beef":11,"minecraft:redstone_torch":2,"minecraft:rose_bush":1,"minecraft:poppy":8,"minecraft:iron_pickaxe":10,"minecraft:minecart":2,"minecraft:birch_sapling":4,"minecraft:iron_boots":8,"minecraft:egg":4,"minecraft:stick":17,"minecraft:oak_fence":2,"minecraft:torch":127,"minecraft:porkchop":15,"minecraft:diorite":140,"minecraft:carrot":18,"minecraft:redstone":199,"minecraft:arrow":11,"minecraft:rotten_flesh":20,"minecraft:gold_ingot":1,"minecraft:mutton":3,"minecraft:white_wool":3,"minecraft:rail":6,"minecraft:cobblestone":2053,"minecraft:birch_log":35,"minecraft:feather":2,"minecraft:cooked_beef":1,"minecraft:andesite":94,"minecraft:leather":14,"minecraft:potato":2,"minecraft:birch_planks":98,"minecraft:flint":4,"minecraft:oak_log":27,"minecraft:cobblestone_stairs":107,"minecraft:lapis_lazuli":95,"minecraft:dirt":230,"minecraft:white_banner":3,"minecraft:name_tag":2,"minecraft:bone":19,"minecraft:apple":1,"minecraft:wheat_seeds":17,"minecraft:stone_pickaxe":10,"minecraft:iron_ingot":48,"minecraft:iron_ore":134,"minecraft:powered_rail":6,"minecraft:oak_planks":46,"minecraft:iron_sword":3,"minecraft:dandelion":4,"minecraft:gravel":44,"minecraft:ink_sac":11,"minecraft:white_bed":5,"minecraft:gold_ore":17,"minecraft:spider_eye":8,"minecraft:diamond":5,"minecraft:iron_helmet":5,"minecraft:granite":67,"minecraft:bone_meal":1,"minecraft:bread":1,"minecraft:baked_potato":9,"minecraft:oak_sapling":5,"minecraft:black_wool":1,"minecraft:bricks":3,"minecraft:coal":271,"minecraft:diamond_pickaxe":2}},"DataVersion":1631}